,precession_max,precession_slope,theta_plane_mean,theta_plane_max,oscillation_amp,thickness_slope,elongation_ratio
A_omega,0.5,-0.5,0.47434164902525694,0.47434164902525694,-0.47434164902525694,0.42163702135578385,-0.15811388300841894
B_omega,0.5,-0.5,0.47434164902525694,0.47434164902525694,-0.47434164902525694,0.42163702135578385,-0.15811388300841894
fz_mean,0.5,-0.5,0.47434164902525694,0.47434164902525694,-0.47434164902525694,0.42163702135578385,-0.15811388300841894
Omega_norm,0.5,-0.5,0.47434164902525694,0.47434164902525694,-0.47434164902525694,0.42163702135578385,-0.15811388300841894
delta_A_omega,1.0,0.5,-0.47434164902525694,-0.47434164902525694,0.47434164902525694,0.21081851067789192,-0.3162277660168379
delta_B_omega,1.0,0.5,-0.47434164902525694,-0.47434164902525694,0.47434164902525694,0.21081851067789192,-0.3162277660168379
delta_fz_mean,1.0,0.5,-0.47434164902525694,-0.47434164902525694,0.47434164902525694,0.21081851067789192,-0.3162277660168379
delta_Omega_norm,0.5,1.0,-0.9486832980505139,-0.9486832980505139,0.9486832980505139,-0.21081851067789192,-0.15811388300841894
